Model,Accuracy,Precision,Recall,F1,CV Mean
KNN,0.8125,0.8422619047619048,0.8741312741312741,0.8579007199696855,0.8036
XGBoost,0.83,0.8428571428571429,0.9076923076923077,0.8740740740740741,0.8352
LightGBM,0.8365,0.8517715112075199,0.9061538461538462,0.8781215057771151,0.8338999999999999
